{"front_right_1": {"translation": [-1.4835639164941092, 1.9999999999999991, -1.6730326074756157], "rotation_rpy": [1.5707963267948974, -1.3089969389957474, 2.1447861848524084e-16]}, "front_left_1": {"translation": [1.4835639164941092, 2.0, -1.6730326074756152], "rotation_rpy": [-1.5707963267948961, -1.3089969389957474, -3.1415926535897927]}, "back_right_1": {"translation": [1.4835639164941101, 2.0, -1.6730326074756148], "rotation_rpy": [1.570796326794897, 1.3089969389957468, 8.579144739409608e-16]}, "back_left_1": {"translation": [-1.48356391649411, 1.9999999999999993, -1.6730326074756152], "rotation_rpy": [-1.570796326794897, 1.3089969389957472, 3.1415926535897927]}, "front_right_2": {"translation": [1.799999999999999, 2.0, -1.2000000000000002], "rotation_rpy": [-1.5707963267948966, -7.850462293418876e-17, -3.141592653589793]}, "front_left_2": {"translation": [-1.7999999999999998, 1.9999999999999993, -1.2000000000000004], "rotation_rpy": [1.5707963267948966, -2.355138688025663e-16, 2.355138688025663e-16]}, "back_right_2": {"translation": [-1.8000000000000003, 1.9999999999999991, -1.1999999999999993], "rotation_rpy": [-1.5707963267948966, -7.850462293418876e-17, -3.141592653589793]}, "back_left_2": {"translation": [1.7999999999999998, 2.0, -1.1999999999999995], "rotation_rpy": [1.5707963267948966, -2.355138688025663e-16, 2.355138688025663e-16]}}