{"front_right_1": [[200.00000000000003, 0.0, 200.0], [0.0, 200.00000000000003, 150.0], [0.0, 0.0, 1.0]], "front_left_1": [[200.00000000000003, 0.0, 200.0], [0.0, 200.00000000000003, 150.0], [0.0, 0.0, 1.0]], "back_right_1": [[200.00000000000003, 0.0, 200.0], [0.0, 200.00000000000003, 150.0], [0.0, 0.0, 1.0]], "back_left_1": [[200.00000000000003, 0.0, 200.0], [0.0, 200.00000000000003, 150.0], [0.0, 0.0, 1.0]], "front_right_2": [[200.00000000000003, 0.0, 200.0], [0.0, 200.00000000000003, 150.0], [0.0, 0.0, 1.0]], "front_left_2": [[200.00000000000003, 0.0, 200.0], [0.0, 200.00000000000003, 150.0], [0.0, 0.0, 1.0]], "back_right_2": [[200.00000000000003, 0.0, 200.0], [0.0, 200.00000000000003, 150.0], [0.0, 0.0, 1.0]], "back_left_2": [[200.00000000000003, 0.0, 200.0], [0.0, 200.00000000000003, 150.0], [0.0, 0.0, 1.0]]}