{"vr_1": {"translation": [-1.9179457096094703, 0.9099999999999994, -3.661365627056472], "rotation_rpy": [1.5707963267948966, -1.3090063267948966, 8.579445327032636e-16]}, "vl_1": {"translation": [1.9179457096094688, 0.9099999999999993, -3.6613656270564725], "rotation_rpy": [-1.5707963267948961, -1.3090063267948966, 3.1415926535897922]}, "hr_1": {"translation": [1.0379954285976467, 0.9099999999999999, -0.3771995363337394], "rotation_rpy": [1.5707963267948963, 1.3089966732051037, -8.579136229385622e-16]}, "hl_1": {"translation": [-1.0379954285976472, 0.9100000000000001, -0.37719953633373904], "rotation_rpy": [-1.570796326794897, 1.3089966732051026, -3.1415926535897922]}, "vr_2": {"translation": [4.078191756732904, 0.8550000000000005, 0.08022465528625228], "rotation_rpy": [-1.5707963267948966, 0.2617936732051035, -3.141592653589793]}, "vl_2": {"translation": [-4.078191756732903, 0.8550000000000004, 0.08022465528625397], "rotation_rpy": [1.5707963267948961, 0.26179367320510405, -1.1493856923926814e-16]}, "hr_2": {"translation": [-0.7940442397812406, 0.8549999999999996, -0.7997360472494853], "rotation_rpy": [-1.5707963267948966, -0.26180032679489684, 3.141592653589793]}, "hl_2": {"translation": [0.7940442397812405, 0.8550000000000001, -0.799736047249486], "rotation_rpy": [1.5707963267948966, -0.26180032679489634, 1.149387741527347e-16]}}