{"vr_1": [[294.2008361816406, 0.0, 399.8114013671875], [0.0, 467.532470703125, 299.7002868652344], [0.0, 0.0, 1.0]], "vl_1": [[294.2008361816406, 0.0, 399.8114013671875], [0.0, 467.532470703125, 299.7002868652344], [0.0, 0.0, 1.0]], "hr_1": [[294.2008361816406, 0.0, 399.8114013671875], [0.0, 467.532470703125, 299.7002868652344], [0.0, 0.0, 1.0]], "hl_1": [[294.2008361816406, 0.0, 399.8114013671875], [0.0, 467.532470703125, 299.7002868652344], [0.0, 0.0, 1.0]], "vr_2": [[294.2008361816406, 0.0, 399.8114013671875], [0.0, 467.532470703125, 299.7002868652344], [0.0, 0.0, 1.0]], "vl_2": [[294.2008361816406, 0.0, 399.8114013671875], [0.0, 467.532470703125, 299.7002868652344], [0.0, 0.0, 1.0]], "hr_2": [[294.2008361816406, 0.0, 399.8114013671875], [0.0, 467.532470703125, 299.7002868652344], [0.0, 0.0, 1.0]], "hl_2": [[294.2008361816406, 0.0, 399.8114013671875], [0.0, 467.532470703125, 299.7002868652344], [0.0, 0.0, 1.0]]}